Frage,Option 1,Option 2,Option 3,Option 4,Korrekte Antwort
Was ist Cloud Financial Management?,"Verwaltung von Daten in der Cloud","Optimierung der finanziellen Aspekte von Cloud-Diensten","Speicherung von Daten in der Cloud","Verwaltung von Cloud-Benutzern","Optimierung der finanziellen Aspekte von Cloud-Diensten"
Welches Ziel hat Cloud Financial Management?,"Kosteneffizienz und wirtschaftlicher Nutzen","Erhöhung der Speicherkapazität","Verbesserung der Netzwerkgeschwindigkeit","Verwaltung von Benutzerrechten","Kosteneffizienz und wirtschaftlicher Nutzen"
Was ist AWS Billing Conductor?,"Ein Tool zur Verwaltung und Optimierung komplexer Cloud-Abrechnungen","Ein Dienst zur Datensicherung","Ein Tool zur Netzwerküberwachung","Ein Speicherlösung","Ein Tool zur Verwaltung und Optimierung komplexer Cloud-Abrechnungen"
Für welche Zielgruppe ist AWS Billing Conductor besonders nützlich?,"Kleine Start-ups","Freiberufler","Große Organisationen mit komplexen Abrechnungsanforderungen","Privatpersonen","Große Organisationen mit komplexen Abrechnungsanforderungen"
Welche Funktion hat AWS Billing Conductor?,"Ermöglicht detaillierte Abrechnungsberichte","Speichert Daten in der Cloud","Überwacht den Netzwerkverkehr","Verwaltet Benutzerzugriffe","Ermöglicht detaillierte Abrechnungsberichte"
Wie hilft AWS Billing Conductor bei der finanziellen Planung?,"Durch Verwaltung und Zuordnung von Kosten","Durch Erhöhung der Speicherkapazität","Durch Verbesserung der Netzwerkgeschwindigkeit","Durch Verwaltung von Benutzerrechten","Durch Verwaltung und Zuordnung von Kosten"
Was ist AWS Budgets?,"Ein Tool zur Überwachung und Verwaltung von Cloud-Ausgaben","Ein Speicherdienst","Ein Netzwerkdienst","Ein Authentifizierungsdienst","Ein Tool zur Überwachung und Verwaltung von Cloud-Ausgaben"
Was ist der Zweck von AWS Budgets?,"Kosten im Griff zu behalten","Daten zu speichern","Netzwerk zu überwachen","Benutzerrechte zu verwalten","Kosten im Griff zu behalten"
Welche Benachrichtigungen bietet AWS Budgets?,"Automatische Benachrichtigungen bei Erreichen bestimmter Schwellenwerte","Benachrichtigungen bei Netzwerkproblemen","E-Mail-Benachrichtigungen bei Datenverlust","SMS-Benachrichtigungen bei Benutzeranmeldung","Automatische Benachrichtigungen bei Erreichen bestimmter Schwellenwerte"
Was ermöglicht AWS Cost and Usage Report?,"Detaillierte Berichte zu AWS-Nutzungs- und Kosteninformationen","Erhöhung der Speicherkapazität","Überwachung des Netzwerkverkehrs","Verwaltung von Benutzerrechten","Detaillierte Berichte zu AWS-Nutzungs- und Kosteninformationen"
Welche Vorteile bietet der AWS Cost and Usage Report?,"Transparenz und detaillierte Nutzungsdaten","Erhöhung der Speicherkapazität","Verbesserung der Netzwerkgeschwindigkeit","Verwaltung von Benutzerzugriffen","Transparenz und detaillierte Nutzungsdaten"
Wie konfiguriert man den AWS Cost and Usage Report?,"Durch Erstellen eines S3 Buckets und Konfigurieren des Berichts","Durch Erhöhung der Speicherkapazität","Durch Überwachung des Netzwerkverkehrs","Durch Verwaltung von Benutzerrechten","Durch Erstellen eines S3 Buckets und Konfigurieren des Berichts"
Was ist AWS Cost Explorer?,"Ein Tool zur Visualisierung und Analyse von AWS-Kosten und -Nutzung","Ein Speicherdienst","Ein Netzwerkdienst","Ein Authentifizierungsdienst","Ein Tool zur Visualisierung und Analyse von AWS-Kosten und -Nutzung"
Welchen Zweck erfüllt AWS Cost Explorer?,"Erleichtert die Identifizierung und Verwaltung von Kostentreibern","Erhöht die Speicherkapazität","Verbessert die Netzwerkgeschwindigkeit","Verwaltet Benutzerzugriffe","Erleichtert die Identifizierung und Verwaltung von Kostentreibern"
Welche Funktionen bietet AWS Cost Explorer?,"Dashboards, Filter, Berichte","Speicherung von Daten","Netzwerküberwachung","Benutzerzugriffsverwaltung","Dashboards, Filter, Berichte"
Was ist AWS Marketplace?,"Ein digitaler Katalog mit Software-Angeboten auf AWS","Ein Speicherdienst","Ein Netzwerkdienst","Ein Authentifizierungsdienst","Ein digitaler Katalog mit Software-Angeboten auf AWS"
Welche Vorteile bietet AWS Marketplace?,"Große Auswahl, einfache Integration, geprüfte Software","Erhöhung der Speicherkapazität","Verbesserung der Netzwerkgeschwindigkeit","Verwaltung von Benutzerzugriffen","Große Auswahl, einfache Integration, geprüfte Software"
Was ist End User Computing?,"Bereitstellung von Desktops und Anwendungen in der Cloud","Speicherung von Daten","Netzwerküberwachung","Benutzerzugriffsverwaltung","Bereitstellung von Desktops und Anwendungen in der Cloud"
Welchen Zweck erfüllt End User Computing?,"Sicherer und skalierbarer Zugriff auf Unternehmensressourcen","Erhöhung der Speicherkapazität","Verbesserung der Netzwerkgeschwindigkeit","Verwaltung von Benutzerrechten","Sicherer und skalierbarer Zugriff auf Unternehmensressourcen"
Was ist Amazon AppStream 2.0?,"Ein Anwendungs-Streaming-Dienst für Desktop-Anwendungen","Ein Speicherdienst","Ein Netzwerkdienst","Ein Authentifizierungsdienst","Ein Anwendungs-Streaming-Dienst für Desktop-Anwendungen"
